State,District,Year,RF1,DEP1,RF2,DEP2,RF3,DEP3,RF4,DEP4,RF5,DEP5,RF6,DEP6,RF7,DEP7,RF8,DEP8,RF9,DEP9,RF10,DEP10,RF11,DEP11,RF12,DEP12,
AndhraPradesh,Guntur,2014,1.3,-100,2.4,-69,0.3,-96,0.3,-98,65.2,12,19.1,-79,130.5,-11,116.9,-25,144.7,-4,149.6,4,51.7,-32,0.7,-95,
AndhraPradesh,Guntur,2015,0.2,-77,0,-100,0.7,-90,18.8,25,17.3,-70,183.3,103,93.5,-37,144.9,-7,142.4,-5,31.8,-78,78.6,4,0.9,-94,
AndhraPradesh,Guntur,2016,0,-97,0,-100,0,-100,0.2,-99,112.8,93,199.6,121,87.5,-41,194.1,25,289.9,93,71.5,-50,1.9,-98,7.6,-47,
AndhraPradesh,Guntur,2017,0,-100,0,-100,6.9,-11,2.1,-86,40.5,-31,169.1,88,139.9,-5,186.7,20,145.1,-3,93.7,-35,7.6,-90,0,-100,
AndhraPradesh,Guntur,2018,0,-100,0,-100,1.7,-78,14.1,-6,31.8,-45,114.2,27,136,-8,210.8,36,64.9,-57,18.1,-87,18.1,-76,50.1,246,
AndhraPradesh,Chittor,2014,0.5,-94,1,-87,11.9,18,2.5,-90,64.7,-4,72.8,9,56.7,-43,112.6,2,72.3,-48,125.1,-25,55.3,-60,25,-57,
AndhraPradesh,Chittor,2015,0.9,-88,0,-100,19.1,89,89.6,250,63.4,-6,90.6,36,46.2,-54,132.1,20,124.4,-11,159.9,-4,596.5,334,96.2,65,
AndhraPradesh,Chittor,2016,2.9,-63,0,-100,2.9,-71,0.4,-99,106.7,59,137.4,106,153.5,53,22.3,-80,46.1,-67,32.7,-80,11.6,-92,147.5,153,
AndhraPradesh,Chittor,2017,15.5,101,0,-100,26.9,167,9,-65,55.4,-17,92.3,38,85,-15,207.9,89,226.7,62,289.4,73,99.5,-28,31.4,-46,
AndhraPradesh,Chittor,2018,0,-100,14.4,90,28.5,183,10.9,-57,70,4,73.2,10,47.6,-52,58.9,-47,112.5,-20,59.7,-64,106.2,-23,13.6,-77,
AndhraPradesh,Kurnool,2014,0,-100,1.1,-42,19.7,246,7.7,-58,48.9,-5,83.2,3,114.4,-1,153.4,23,95.1,-32,80.4,-24,23.3,-18,1.7,-74,
AndhraPradesh,Kurnool,2015,1.4,19,0,-100,10.6,85,44.5,143,21.3,-59,39.1,-51,44,-62,82,-34,165.3,18,38.4,-64,21.3,-25,2.4,-64,
AndhraPradesh,Kurnool,2016,4.3,261,0,-100,0.3,-94,0.5,-97,71.1,37,151,88,131,13,72.1,-42,163.2,17,9,-91,2.2,-92,1.6,-76,
AndhraPradesh,Kurnool,2017,0,-100,0,-100,13.9,144,8.9,-52,24.8,-52,109.2,36,57.8,-50,176.3,42,176.5,26,175.4,66,1.1,-96,0,-100,
AndhraPradesh,Kurnool,2018,0,-100,0.1,-95,3,-48,13.2,-28,35.7,-31,73.8,-8,49.1,-58,62.1,-50,97.2,-30,34.3,-67,5.9,-79,0.9,-86,
AndhraPradesh,WestGodavari,2014,2.2,-64,0.7,-93,1.1,-87,4.5,-76,127.8,129,17.3,-87,257,7,160.9,-29,202.5,12,72.7,-63,10.7,-84,3.7,-68,
AndhraPradesh,WestGodavari,2015,0.6,-90,0.1,-99,1.3,-85,6.7,-65,33.3,-40,278.9,105,125.6,-48,243.5,7,179.7,0,90.5,-54,93.5,40,0.2,-98,
AndhraPradesh,WestGodavari,2016,1.1,-82,0,-100,2.7,-69,0,-100,101.4,82,333.3,145,173.1,-28,162.1,-29,315.6,75,46,-77,9.4,-86,3.9,-66,
AndhraPradesh,WestGodavari,2017,0,-100,0,-100,5.9,-32,6,-68,24.4,-56,182.6,34,258.8,8,243.6,7,119,-34,121,-39,3.7,-94,0,-100,
AndhraPradesh,WestGodavari,2018,0,-100,0,-100,3.5,-60,19.6,3,19.8,-65,149.9,10,346.7,44,417.7,83,65.8,-63,26.7,-87,10.6,-84,61.2,423,
Assam,Dhubri,2014,1.3,-87,16.3,39,31,-33,46.5,-68,405.5,4,641.6,6,204.2,-63,447.2,7,443.2,30,9.1,-94,0,-100,2.9,-29,
Assam,Dhubri,2015,33.9,229,10,-14,109.6,135,192.7,31,503.3,29,890.7,48,185.5,-67,482.8,15,248.8,-27,11,-93,13.9,-27,11,168,
Assam,Dhubri,2016,8.4,-18,0.3,-97,102.6,120,235.5,60,444.3,13,596.3,-1,418.1,-25,190.9,-54,231,-32,171.8,11,0,-100,1.4,-65,
Assam,Dhubri,2017,0.8,-92,8.2,-30,86.4,85,445.1,202,270.6,-31,457.1,-24,304.6,-45,353.6,-16,399.3,17,161.9,4,0,-100,0,-100,
Assam,Dhubri,2018,0,-100,9.7,-17,61.1,31,217.3,47,494.5,26,340.3,-44,228.5,-59,179.7,-57,395.1,16,29.6,-81,3.9,-80,3.8,-8,
Assam,Jorhat,2014,5.4,-76,32,-13,46.5,-42,31.9,-84,233.1,-16,364.5,26,332.3,-15,251.8,-27,237.2,-13,41,-66,5.5,-79,0,-100,
Assam,Jorhat,2015,5.7,-75,34,-7,35.2,-56,248.3,21,289.3,4,277.3,-4,281.2,-28,308.3,-11,223.9,-18,92.2,-24,15.9,-38,46.5,198,
Assam,Jorhat,2016,28.6,29,19.9,-46,64,-20,423.7,107,312.7,13,313.5,9,423.3,8,114.3,-67,286.7,5,93.8,-23,15.8,-38,32.9,111,
Assam,Jorhat,2017,na,na,na,na,na,na,na,na,na,na,na,na,na,na,na,na,na,na,na,na,na,na,na,na,
Assam,Jorhat,2018,3.9,-82,29.2,-20,98.3,23,112.8,-45,157.3,-43,374.9,30,313,-20,309.7,-11,277.8,2,25.5,-79,28.5,11,33.8,117,
Assam,Nalbari,2014,1.7,-89,37.5,102,34.6,-39,42.6,-77,384.9,1,360.5,-35,290.6,-38,355.6,10,343.9,56,13,-88,0,-100,0,-100,
Assam,Nalbari,2015,11.8,-21,13.2,-29,30.1,-47,170.3,-8,553.1,45,694.2,26,333.4,-29,622.6,93,204.8,-7,31.2,-72,9.4,-56,6.7,40,
Assam,Nalbari,2016,32.1,115,2.8,-85,89.8,58,422.8,129,292.7,-23,372,-33,513.3,9,149.7,-54,233.1,6,52.5,-52,0,-100,1.4,-71,
Assam,Nalbari,2017,4.6,-69,31.5,69,65.9,16,308.4,67,218.6,-43,392.8,-29,306,-35,255.3,-21,342,55,131.4,19,14,-35,0,-100,
Assam,Nalbari,2018,0,-100,17.4,-6,70.6,25,140.5,-24,250.8,-34,387.1,-30,259.2,-45,215,-33,341.8,55,33.3,-70,28.8,33,21.2,342,
Chandigarh,Chandigarh,2014,59.6,35,41.7,7,71.7,116,19.9,34,57.1,90,43.7,-64,159.8,-43,41.2,-86,109.8,-29,12.4,-61,0.1,-99,90,285,
Chandigarh,Chandigarh,2015,45.2,2,46.7,20,119.9,261,21.6,46,17.4,-42,63.9,-47,257.9,-9,109.2,-62,117.3,-24,17.7,-44,0.2,-98,0.3,-99,
Chandigarh,Chandigarh,2016,0,-100,1.3,-97,57.9,74,15.8,7,59.5,98,133.6,11,131.1,-54,150.5,-48,41.7,-73,0.1,-99,0.1,-99,22.8,-3,
Chandigarh,Chandigarh,2017,137,209,1.6,-96,22,-34,10.5,-29,5.7,-81,103.1,-14,195.2,-31,309.4,8,145.1,-6,0,-100,0,-100,14.8,-37,
Chandigarh,Chandigarh,2018,8.1,-82,47.2,21,4.2,-88,36.2,145,13,-57,142.9,19,263.6,-7,291,1,295.8,92,10.7,-67,7.7,-22,6.3,-73,
Chattisgarh,Bilaspur,2014,5.1,-71,49.4,187,59.8,234,37.7,151,16.4,-9,143.4,-16,318.7,-11,329.4,-2,243.5,20,135,146,0,-100,9.8,-14,
Chattisgarh,Bilaspur,2015,20.7,19,5.5,-68,31.7,77,42.3,182,3,-84,178.2,4,233.7,-35,313.5,-7,215.5,6,12.3,-77,0,-100,0.4,-96,
Chattisgarh,Bilaspur,2016,16.5,-7,7.9,-53,25.5,46,9.1,-39,97.3,500,113.3,-33,339.5,-5,242.2,-32,216.1,8,59.5,16,0,-100,0,-100,
Chattisgarh,Bilaspur,2017,3.1,-82,8.6,-49,3.6,-79,0.2,-99,15.1,-7,164.6,-2,267.1,-25,288.1,-19,161.3,-19,32.4,-37,0.8,-91,0,-100,
Chattisgarh,Bilaspur,2018,0,-100,19.8,17,1.5,-91,17.7,18,29.7,83,173.4,3,279.3,-22,266,-25,103.5,-48,2.3,-96,0,-100,48.4,340,
Chattisgarh,Durg,2014,0,-100,46.6,718,27.6,124,10.4,49,57.4,517,96.9,-44,501.6,54,279.2,-13,255.7,29,104.3,85,0,-100,0,-100,
Chattisgarh,Durg,2015,14.6,127,0,-100,39.6,222,58.2,731,7.8,-16,201.8,17,186.4,-43,250.7,-22,249.3,25,0.3,-99,0,-100,0,-100,
Chattisgarh,Durg,2016,0,-100,0,-100,19,61,3,-53,33.6,320,220.6,27,257.8,-21,254.4,-21,344.2,72,47.6,-17,0,-100,0,-100,
Chattisgarh,Durg,2017,1.8,-64,0,-100,11.4,-3,0,-100,18.2,128,124.4,-28,192.8,-41,278.6,-13,151.4,-25,66.4,15,0,-100,0,-100,
Chattisgarh,Durg,2018,0,-100,29.8,473,0,-100,50.3,686,30.6,283,301,74,335.8,4,260.2,-19,114.6,-43,0,-100,0,-100,41.4,1782,
Chattisgarh,Kanker,2014,0,-100,0,-100,0,-100,11.5,-36,0,-100,29.7,-85,652.4,66,286,-32,307,34,77.8,6,0,-100,0,-100,
Chattisgarh,Kanker,2015,44.4,462,0,-100,19.3,30,17.1,-6,7.1,-64,351.5,83,171.8,-56,246,-42,294.4,29,13.4,-82,0,-100,0,-100,
Chattisgarh,Kanker,2016,0,-100,0,-100,0,-100,0,-100,0,-100,167.1,-12,525.6,45,616.6,57,391.2,76,118.7,68,0,-100,0,-100,
Chattisgarh,Kanker,2017,0,-100,0,-100,0,-100,0,-100,0,-100,195.1,3,342.8,-6,273.9,-30,224.1,1,109.1,54,0,-100,0,-100,
Chattisgarh,Kanker,2018,0,-100,14,11,0,-100,3.2,-89,22.4,-1,132.5,-30,333.6,-8,785.4,100,93.8,-58,0,-100,0,-100,0,-100,
Gujarat,Ahmedabad,2014,1.5,88,0,-100,0,-100,5.1,629,1.5,-75,5.3,-94,364.6,69,108.1,-43,203.2,93,0.1,-99,8.7,6,0,-100,
Gujarat,Ahmedabad,2015,2,156,0,-100,6.2,1135,4.8,580,2,-65,115,26,206,-4,24.5,-87,55.2,-48,0,-100,0,-100,0,-100,
Gujarat,Ahmedabad,2016,0,-100,0,-100,1.3,91,0,-100,0.2,-97,8.1,-91,129.1,-43,196,-2,49,-56,52.4,180,0,-100,0,-100,
Gujarat,Ahmedabad,2017,0,-100,0,-100,0,-100,0,-100,0.2,-97,88.3,-7,490.9,118,100.1,-50,52,-53,0,-100,0,-100,3,58,
Gujarat,Ahmedabad,2018,0,-100,0,-100,0,-100,0,-100,0,-100,13.1,-86,128.1,-43,128.4,-36,16.3,-85,0,-100,0,-100,0,-100,
Gujarat,GandhiNagar,2014,0.8,-11,0,-100,0,-100,13.2,3200,0,-100,0.3,-99,313.8,12,101.4,-55,248,78,0,-100,0,-100,0,-100,
Gujarat,GandhiNagar,2015,14.8,1544,0,-100,6.6,843,4.3,971,3.4,-50,99.1,37,472.8,68,24.3,-89,70.5,-49,0,-100,0,-100,0,-100,
Gujarat,GandhiNagar,2016,0,-100,0,-100,1.6,129,0,-100,0,-100,12.4,-83,264.4,-6,256.5,15,55.1,-60,63.6,244,0,-100,0,-100,
Gujarat,GandhiNagar,2017,0,-100,0,-100,0,-100,0,-100,0.5,-93,70.9,-2,889.2,217,144.8,-35,94.9,-32,0,-100,0,-100,6.9,165,
Gujarat,GandhiNagar,2018,0,-100,0,-100,0,-100,0,-100,0,-100,12.4,-83,114.5,-59,157.3,-30,42.4,-70,0,-100,0,-100,0,-100,
Gujarat,Junagarh,2014,0,-100,0,-100,1.1,267,0.6,500,0,-100,119.5,-37,258.1,-23,300.8,82,213.8,120,20.4,-26,16.1,27,0,-100,
Gujarat,Junagarh,2015,3.4,583,0,-100,8.2,2647,4.5,4441,0,-100,237.9,25,149.7,-55,12.2,-93,199.2,104,6.2,-78,1.9,-85,0,-100,
Gujarat,Junagarh,2016,0,-100,0,-100,0.5,25,0,-100,0,-100,53.4,-72,237.9,-31,276.9,71,164.3,66,142.7,401,0,-100,0,-100,
Gujarat,Junagarh,2017,0,-100,0,-100,0,-100,0,-100,0,-100,129.3,-32,366,7,291.2,80,82.2,-17,8.4,-70,0,-100,1.5,275,
Gujarat,Junagarh,2018,0,-100,0,-100,0,-100,0,-100,0,-100,4.7,-97,721.7,110,63.8,-61,39.9,-60,0,-100,0,-100,0,-100,
Gujarat,Rajkot,2014,0,-100,0,-100,0.3,-67,0.4,0,8.7,200,31.9,-67,170.1,-21,174,21,109,31,12.5,-45,2.3,-77,0,-100,
Gujarat,Rajkot,2015,1.1,262,0,-100,7,676,0.3,-17,0.4,-86,217.5,125,204.7,-5,22.9,-84,132.4,60,2.4,-90,0,-100,0,-100,
Gujarat,Rajkot,2016,0,-100,0,-100,0,-100,0,-100,0,-100,38.8,-63,104.9,-54,266.3,77,88.7,-4,81.1,196,0,-100,0,-100,
Gujarat,Rajkot,2017,0,-100,0,-100,0,-100,0,-100,1.4,-55,139,34,448.4,95,165.3,10,68,-27,0,-100,0,-100,0.2,-90,
Gujarat,Rajkot,2018,0,-100,0,-100,0,-100,0,-100,0,-100,14.4,-86,256.4,12,73,-51,25.5,-72,0.3,-99,0,-100,0,-100,
Haryana,Ambala,2014,54.4,40,43.2,37,39.5,56,12.9,68,20.5,0,21.1,-80,189.4,-38,140.6,-57,78.7,-56,25.5,-26,0.2,-98,60.4,189,
Haryana,Ambala,2015,24.7,-37,24.3,-23,112.5,344,35.9,366,20.5,,28.8,-73,196.2,-36,124.3,-62,110.3,-38,5.8,-83,5,-43,1.6,-92,
Haryana,Ambala,2016,0,-99,2,-94,23.2,-8,4.9,-36,44.1,115,62.7,-40,147.9,-52,181.8,-44,42,-76,2.2,-94,0,-100,8,-62,
Haryana,Ambala,2017,102,162,1.3,-96,14.4,-43,14.1,84,9.5,-54,139.9,33,96,-69,265.9,-18,127.6,-28,0,-100,0,-100,8.4,-60,
Haryana,Ambala,2018,4.6,-88,21.1,-33,0.7,-97,7.1,-8,20.5,0,135.8,29,246.5,-20,252.2,-23,210.6,19,29.9,-13,1.8,-80,10.3,-51,
Haryana,Gurgaon,2014,0,-100,13,11,40.8,483,16,150,46.2,232,11.3,-70,112.6,-33,11.8,-94,38.3,-52,4.3,-66,0,-100,2.7,-37,
Haryana,Gurgaon,2015,10.9,7,0,-100,49.8,612,17.5,173,6.9,-51,31.5,-17,180.3,7,139.2,-25,30.6,-62,0,-100,0,-100,0,-100,
Haryana,Gurgaon,2016,0,-100,0,-100,16.2,131,0.5,-92,17.6,27,38.8,2,186.8,11,138,-25,35.7,-55,15.4,21,0,-100,0,-100,
Haryana,Gurgaon,2017,28.8,182,0,-100,2.4,-66,2.8,-56,15.8,14,97.3,156,61.2,-64,33.4,-82,65,-19,0,-100,0,-100,1.3,-69,
Haryana,Gurgaon,2018,1.6,-84,0,-100,0,-100,4.8,-26,3.4,-76,64.9,71,118.3,-30,116,-37,112.2,40,0,-100,4.3,-21,0.3,-94,
Haryana,Kurukshetra,2014,0.3,-99,15.8,-19,15.3,-29,0,-100,4.2,-59,29.4,-56,57.6,-72,5.9,-97,94.4,4,8.6,-63,0,-100,12.6,25,
Haryana,Kurukshetra,2015,6.6,-77,15.2,-22,55.8,160,40.1,309,5.3,-49,32.9,-50,109.6,-46,90.4,-56,28.3,-69,4,-83,1.8,-66,1,-90,
Haryana,Kurukshetra,2016,0.3,-99,2,-90,18,-16,0.8,-92,28,175,11.7,-82,60.6,-70,98.9,-51,8.5,-91,0,-100,0,-100,0,-100,
Haryana,Kurukshetra,2017,49.7,73,0.3,-98,9.5,-56,6.3,-36,0.9,-91,131.5,98,47.1,-77,104.4,-49,158.9,74,0,-100,0,-100,5.5,-46,
Haryana,Kurukshetra,2018,4.4,-85,13.4,-31,2,-91,16.5,68,15.6,53,73.5,11,236.7,17,140.9,-31,190,109,3.2,-86,0.3,-95,15.3,51,
HimachalPradesh,Bilaspur,2014,51.9,-17,82.7,24,72.6,34,28.5,9,37.1,-10,67.2,-37,236.8,-24,237.2,-22,97,-37,6.3,-77,0,-100,63.9,123,
HimachalPradesh,Bilaspur,2015,64.7,4,82.5,23,196.6,264,63.1,142,28.9,-30,84.4,-21,294.5,-6,280.9,-8,57.9,-62,14.9,-45,2.6,-82,31,8,
HimachalPradesh,Bilaspur,2016,11.4,-82,23,-66,78.1,45,3.3,-87,87.3,112,176.9,65,168.3,-46,397.6,31,90.8,-41,9.2,-66,0,-100,4.5,-84,
HimachalPradesh,Bilaspur,2017,193.8,210,19.9,-70,47.9,-11,54.3,108,47,14,99.7,-7,169.7,-46,513.3,69,168.2,9,0.1,-99,0.2,-98,42.9,50,
HimachalPradesh,Bilaspur,2018,13.8,-78,36.9,-45,11.5,-79,45.1,73,13.6,-67,83.6,-22,330.4,6,412.2,36,384.5,150,13.9,-49,22,57,3.8,-87,
HimachalPradesh,Kangra,2014,62,-25,123.8,54,98,15,52.7,32,45.2,0,100.2,-31,449.2,-23,386.3,-38,119.1,-49,38,-21,0.7,-96,43.8,8,
HimachalPradesh,Kangra,2015,65.9,-21,115.3,44,180.6,113,66.3,66,32.2,-29,160.6,10,624.7,7,576.9,-7,109.6,-53,28.3,-41,8.6,-46,27.4,-33,
HimachalPradesh,Kangra,2016,7.6,-91,36.8,-54,98.8,16,13.2,-67,89.8,99,132.6,-9,529.6,-9,585.4,-5,111.5,-52,3.9,-92,0,-100,3.4,-92,
HimachalPradesh,Kangra,2017,114.3,38,30.9,-61,36.6,-57,45.5,14,54.6,21,220.3,51,637.4,9,636.3,3,134.3,-43,2.3,-95,0.3,-98,80.3,97,
HimachalPradesh,Kangra,2018,14,-83,40.7,-49,33.3,-61,48.8,22,39.5,-12,214.2,47,554.9,-5,924.8,49,428.8,83,7.9,-84,25.6,62,6.8,-83,
HimachalPradesh,Mandi,2014,64.1,-10,113.2,68,105.9,30,62.1,29,102.9,60,124.7,-22,396.9,-3,374.6,1,152.1,0,27.5,-20,2.3,-85,94.4,206,
HimachalPradesh,Mandi,2015,87.5,23,130.2,93,154.4,89,100.1,107,38.8,-40,113.4,-29,407.5,-1,340.9,-8,73,-52,29.6,-14,9.7,-37,39.4,27,
HimachalPradesh,Mandi,2016,13.5,-81,42.8,-37,93.1,14,24.7,-49,165.1,157,208.2,30,314.6,-23,415.1,12,108.6,-29,10.9,-68,0,-100,0,-99,
HimachalPradesh,Mandi,2017,135.3,90,32.2,-52,41.1,-50,61.2,27,111.1,73,162.6,2,467.8,14,430.7,16,134.7,-11,0,-100,1.4,-91,52,68,
HimachalPradesh,Mandi,2018,11.5,-84,44.5,-34,39.3,-52,80.1,66,30.5,-52,190.4,19,414.9,1,434,17,311.3,105,8.7,-75,36.8,141,4.5,-85,
JammuAndKashmir,Jammu,2014,58.3,4,24.8,-63,96.9,41,26.3,-29,11.3,-72,8.6,-87,180.1,-51,284.9,-12,467.3,339,16.5,-48,7.1,-55,0,-100,
JammuAndKashmir,Jammu,2015,14.3,-75,132.4,99,354,414,137.2,269,32.2,-19,105.9,66,450.4,23,180.5,-44,118.2,11,48.4,54,11.1,-30,20.9,-40,
JammuAndKashmir,Jammu,2016,11.3,-80,17.5,-74,113.7,65,9.7,-74,10.7,-73,135.6,112,536.4,46,374.8,16,63.3,-41,2.5,-92,0,-100,0,-100,
JammuAndKashmir,Jammu,2017,170.3,202,47.8,-28,34.2,-50,48.9,31,16.6,-59,196,207,282.6,-23,295.9,-9,45.1,-58,0,-100,3.2,-80,58.5,69,
JammuAndKashmir,Jammu,2018,8.8,-84,54.1,-19,10.3,-85,52.4,41,12.5,-69,43.9,-31,420.2,15,593.9,84,207.8,95,4.5,-86,29,85,19.3,-44,
JammuAndKashmir,Srinagar,2014,124.6,120,47.8,-31,232.6,124,117.4,35,62,-9,21.3,-43,63.8,15,74.1,22,197.4,549,34.5,9,14.9,-49,0,-100,
JammuAndKashmir,Srinagar,2015,6.7,-88,177.8,158,317.9,206,170.3,96,69.9,3,104.2,179,203.4,266,113.5,86,62.2,105,75.7,139,38.5,33,23.8,-46,
JammuAndKashmir,Srinagar,2016,25.6,-55,47.8,-31,173.2,67,96.7,11,51.8,-24,13,-65,72.4,30,73.4,21,6.5,-79,3.4,-89,0,-100,2.9,-94,
JammuAndKashmir,Srinagar,2017,220,288,142.3,107,80.8,-22,232.9,168,42.5,-38,97.5,161,50.8,-9,40,-34,19.9,-35,0,-100,12.9,-55,45.5,3,
JammuAndKashmir,Srinagar,2018,1.6,-97,49.1,-29,35.7,-66,125.3,44,41.6,-39,57.1,53,94.6,70,77.7,28,22.1,-27,9.7,-70,118.6,309,3.9,-91,
Karnataka,Bangalore,2014,0,-100,0.1,-98,19.6,158,11,-70,92.5,-1,61.4,-14,90.1,-2,162.6,38,202.3,18,267.2,56,35.4,-36,3.9,-71,
Karnataka,Bangalore,2015,19,1020,0,-100,28.4,273,112,209,162.1,74,107.5,51,55.8,-39,99.9,-15,238.2,39,78.8,-54,189.4,242,11.2,-17,
Karnataka,Bangalore,2016,8.9,424,0,-100,17.6,132,2.3,-94,146.8,58,141.3,98,226.6,147,32.3,-73,48.8,-71,51.6,-70,9.1,-84,68.7,409,
Karnataka,Bangalore,2017,0.9,-47,0,-100,12.4,63,36.9,2,207.6,123,27.6,-61,36.1,-61,199.1,69,376.8,120,335,95,16.2,-71,11.3,-16,
Karnataka,Bangalore,2018,0,-100,7.9,36,29.3,286,33.8,-7,178,91,77.4,9,84.1,-8,87,-26,173.3,1,127.2,-26,21.6,-61,3.5,-74,
Karnataka,Davangere,2014,2.3,109,0.6,-25,7.6,81,81.2,132,120,62,66.2,-16,141.2,37,216.4,149,109.2,-6,169.4,36,34.2,-24,30.1,307,
Karnataka,Davangere,2015,0.8,-32,0,-100,6.8,62,30.7,-12,130,76,93.3,19,79.2,-23,85.4,-2,149.2,28,89.4,-28,41.6,-7,0.7,-91,
Karnataka,Davangere,2016,0.4,-65,0,-100,0,-100,0.4,-99,76.5,3,147.6,88,126.2,23,35.1,-60,85.4,-27,15.7,-87,0,-100,7.2,-2,
Karnataka,Davangere,2017,0,-100,0,-100,2,-53,11.2,-68,76.4,3,53,-33,71.6,-30,99.6,15,233,100,193.6,56,1,-98,0,-100,
Karnataka,Davangere,2018,0,-100,0.4,-55,27.3,550,23.4,-33,134.1,81,72.5,-8,77.1,-25,114.3,31,91.7,-21,87.9,-29,26.4,-41,1.2,-84,
Karnataka,Shimoga,2014,0,-100,8.3,1975,9.9,57,71.8,89,141.9,81,303.3,-13,1105.6,77,849.9,110,312.9,125,127.2,-7,22.1,-50,25,201,
Karnataka,Shimoga,2015,0,-94,0,-100,25.6,307,47.4,25,129.7,66,568,64,294.1,-53,241.6,-40,129,-7,89.7,-35,64.9,45,0.4,-95,
Karnataka,Shimoga,2016,0.8,56,0,-100,0,-100,1.9,-95,57.9,-26,399.2,15,440.9,-29,313.1,-22,157.3,13,38.1,-72,32.6,-27,3.9,-53,
Karnataka,Shimoga,2017,0.3,-49,0,-100,5.3,-16,10.6,-72,107.7,37,355,2,418.4,-33,303.5,-25,176.7,27,80.5,-41,14,-69,0.7,-91,
Karnataka,Shimoga,2018,0,-100,0,-100,17.8,183,36.2,-5,146,86,372.8,7,510.6,-18,480.3,19,77.9,-44,66.9,-51,17.5,-61,23.8,187,
Kerala,Alappuzha,2014,0.2,-99,23.3,-16,32.7,-27,143.8,7,250.6,-16,362.8,-39,355.6,-33,615.3,79,227.6,-18,311,-7,93.8,-50,52.3,1,
Kerala,Alappuzha,2015,3.2,-82,5.2,-81,98.9,119,237.2,77,177.8,-40,474.5,-20,235.7,-56,188.6,-45,238.4,-14,375.9,13,189.7,1,120.4,133,
Kerala,Alappuzha,2016,5.9,-66,56,101,45.6,1,24.6,-82,296,-1,524,-12,365.6,-31,165.6,-52,79.6,-71,124,-63,63.4,-66,21,-59,
Kerala,Alappuzha,2017,29.9,71,0.9,-97,86.2,91,40.3,-70,287.9,-4,544.7,-8,280.4,-47,323.5,-6,438.5,58,226.2,-32,195.2,4,63.5,23,
Kerala,Alappuzha,2018,1.5,-92,14.8,-47,40.3,-11,105.5,-21,309.2,4,567.1,-4,650.2,22,608.2,77,72.8,-74,326.6,-2,154.5,-18,65.7,27,
Kerala,Ernakulam,2014,0,-100,11.1,-41,22.4,-28,90.7,-19,287.9,-4,550.1,-21,650.2,-3,877,119,298.8,1,434.8,45,118.5,-18,94,112,
Kerala,Ernakulam,2015,2.4,-82,0.5,-97,37.2,19,229.3,105,176.2,-41,573.9,-18,367.2,-45,241.2,-40,393.8,33,355,18,332.5,129,182.3,311,
Kerala,Ernakulam,2016,0.4,-97,91.4,386,3.4,-89,43.8,-61,322.8,7,624.6,-10,620.4,-7,238.7,-41,85.7,-71,160.5,-46,115.1,-21,19.5,-56,
Kerala,Ernakulam,2017,16.8,28,0,-100,97.9,214,31.4,-72,306,2,706.3,1,435.4,-35,415.8,4,445.3,50,293,-2,217.8,50,28.1,-37,
Kerala,Ernakulam,2018,1.4,-90,7.1,-63,52.5,68,193.2,72,324.9,8,833.5,20,1044.2,56,648.4,62,63.1,-79,402.7,34,246.9,70,56.6,27,
Kerala,Palakad,2014,0,-100,3.1,-52,5.2,-77,36.4,-63,190.8,20,314,-32,602.2,1,561.4,68,230.6,29,282.5,7,40.2,-71,12.1,-53,
Kerala,Palakad,2015,0,-100,2,-70,27.1,20,184.2,87,245.6,55,455.2,-2,281.8,-53,219.2,-34,199.3,11,141.8,-46,185.8,34,43.2,69,
Kerala,Palakad,2016,0.2,-92,0,-100,4.2,-81,4.1,-96,169.2,7,461.5,-1,336.6,-43,159.2,-52,77.4,-57,88.2,-67,21.7,-84,27.6,8,
Kerala,Palakad,2017,0,-99,0,-100,83.1,269,28.3,-71,139.5,-12,433.2,-7,317.2,-47,398,19,375.6,110,102.8,-61,35.2,-75,38.9,52,
Kerala,Palakad,2018,0,-100,25.7,295,47,109,73.5,-26,353.6,123,679.9,46,776.9,30,848.8,154,72.3,-60,227.7,-14,37.9,-73,1.1,-96,
Kerala,Thirssur,2014,0,-100,5.9,-21,3.2,-81,47.7,-40,250,-14,455.6,-36,560,-28,672.2,53,259.9,-6,407.9,38,94.1,-32,21.1,-40,
Kerala,Thirssur,2015,0.9,-73,0,-100,38.4,126,139.5,76,188.4,-35,622.1,-12,463.2,-40,277.5,-37,314.3,13,274.4,-7,183.3,33,91.9,163,
Kerala,Thirssur,2016,10.8,218,4,-46,6.2,-64,37.2,-53,257.5,-11,588.4,-17,422.2,-45,148.7,-66,60.3,-78,98.2,-67,8.3,-94,45.6,30,
Kerala,Thirssur,2017,1.4,-58,0,-100,43.6,156,12.9,-84,175.7,-39,674.8,-5,419.3,-46,427.2,-3,354.7,28,188,-37,113,-18,15.5,-56,
Kerala,Thirssur,2018,0,-100,3.7,-51,26.9,58,30.9,-61,347.1,20,629.3,-11,732.8,-5,734.7,67,49.9,-82,274.2,-7,51.9,-62,7.5,-79,
TamilNadu,Coimbatore,2014,1.2,-85,3.9,-68,20.2,17,19.6,-63,101.2,27,112.5,242,229.8,387,249,513,172.9,150,258.7,70,16.5,-87,36.4,-23,
TamilNadu,Coimbatore,2015,0,-100,0,-100,27.3,59,129.8,143,185.2,132,104.6,218,52.2,11,60.3,48,92.3,34,113.1,-26,193.1,49,34.9,-26,
TamilNadu,Coimbatore,2016,22.8,181,0.2,-98,14.3,-17,20.8,-61,82.9,4,71.1,116,88.8,88,40.9,1,21.8,-68,83.1,-45,14.1,-89,44.8,-5,
TamilNadu,Coimbatore,2017,10.4,28,0,-100,60.9,254,23.6,-56,86,8,73.1,122,59.2,25,115,183,262.7,280,105.9,-30,44.5,-66,32.2,-32,
TamilNadu,Coimbatore,2018,0.5,-94,12.3,1,30.4,77,44.3,-17,237.1,198,141.8,331,191.3,305,204,402,115.2,67,202.3,33,105.8,-18,17,-64,
TamilNadu,Thanjavur,2014,4.2,-84,10.5,-32,0,-100,0.1,-99,131,141,7.5,-81,51.7,-20,115.9,14,40.6,-64,233,27,175.6,-20,140.5,-5,
TamilNadu,Thanjavur,2015,1.8,-93,0,-100,6.9,-60,91.9,201,99.2,83,28.7,-28,47.1,-27,78.4,-23,55.4,-50,153.1,-17,328.7,50,212.6,44,
TamilNadu,Thanjavur,2016,0,-100,0,-100,0.2,-99,0.9,-97,130.6,140,56.1,41,68.1,5,99.7,-2,64.7,-42,86.3,-53,50.9,-77,73.1,-50,
TamilNadu,Thanjavur,2017,99.5,270,4,-74,29.7,72,0.2,-99,30.5,-44,70.7,78,36.1,-44,237.4,133,135.3,21,108.6,-41,221.1,1,104,-29,
TamilNadu,Thanjavur,2018,21.9,-19,0,-100,3.9,-77,16,-48,39.5,-27,36,-10,44.7,-31,31.9,-69,38.4,-66,127.9,-30,311.7,42,31.9,-78,
TamilNadu,Namakkal,2014,0,-100,0.6,-92,0,-100,21.4,-51,96.2,5,35.7,-19,34.8,-49,67.3,-31,81.9,-37,195.5,25,44.8,-55,11.3,-69,
TamilNadu,Namakkal,2015,24.5,276,1.1,-85,2.7,-79,107.8,144,75.4,-18,45.2,3,23.6,-65,65.7,-33,164.3,27,115,-27,162.3,64,31.9,-11,
TamilNadu,Namakkal,2016,0,-100,0,-100,0,-100,5.3,-88,85.6,-7,35.4,-20,125.2,84,49.4,-49,31.3,-76,24.2,-85,7.4,-93,25.9,-28,
TamilNadu,Namakkal,2017,6.3,-4,0,-100,16.8,32,26.9,-39,98,7,24,-45,45.1,-34,115.2,18,194.8,50,149.8,-4,43.6,-56,63.1,75,
TamilNadu,Namakkal,2018,0,-100,26.8,262,14,10,13.6,-69,155.8,70,33.2,-25,41.5,-39,61.1,-37,120.9,-7,106.5,-32,63.7,-36,12.4,-66,
TamilNadu,Villupuram,2014,0,-100,14,44,0,-100,0,-100,115.2,129,91.1,86,48.4,-42,160.1,23,120.5,-17,218.6,17,121.6,-38,73.7,-37,
TamilNadu,Villupuram,2015,na,na,na,na,na,na,na,na,na,na,na,na,na,na,na,na,na,na,na,na,na,na,na,na,
TamilNadu,Villupuram,2016,0,-100,0.2,-98,0,-100,0,-100,88.7,76,53.2,9,125.1,49,73.4,-44,77.9,-46,89.5,-52,11.1,-94,74.7,-36,
TamilNadu,Villupuram,2017,40.2,117,0,-100,8.2,-12,0,-100,41.6,-18,72.2,48,73.9,-12,190.1,46,105.1,-28,226.5,21,174.8,-10,134.4,14,
TamilNadu,Villupuram,2018,0.3,-99,10.2,5,13.5,45,0,-100,10.7,-79,42.5,-13,23,-73,79.1,-39,112.5,-23,189.9,2,212.2,9,33.8,-71,
UttarPradesh,Bareilly,2014,40,97,25,32,38.9,209,9.3,66,10.4,-44,35.3,-63,218.5,-26,76.3,-74,97.3,-41,16.5,-72,0,-100,22.5,252,
UttarPradesh,Bareilly,2015,43.5,114,8.4,-55,72.4,475,19.9,255,5.5,-70,162.6,68,281.4,-5,186.7,-37,33,-80,6.1,-90,1.4,-43,0,-100,
UttarPradesh,Bareilly,2016,0,-100,3.4,-82,8.5,-32,0.1,-99,75.1,302,86.1,-11,663.8,125,276.4,-7,85.4,-48,12.1,-79,0,-100,0,-100,
UttarPradesh,Bareilly,2017,37.5,85,0.8,-96,14.1,12,0.4,-93,5.9,-68,52,-46,414.6,41,163.9,-45,233.1,41,3.9,-93,0,-100,0.6,-91,
UttarPradesh,Bareilly,2018,4.4,-78,12.1,-36,1.9,-85,24.6,339,30,61,48.6,-50,282.1,-4,725.7,145,189,14,10.4,-82,0.8,-65,0,-100,
UttarPradesh,Allahabad,2014,81.8,367,47.6,376,28.7,278,0,-100,2.9,-56,38.2,-53,208.1,-22,149.2,-46,73.6,-60,114.5,231,0,-100,9.7,111,
UttarPradesh,Allahabad,2015,59.9,242,1,-90,48.3,535,33.8,840,0,-100,81.9,,160.1,-40,156.6,-44,14.2,-92,19.9,-42,0,-100,1.2,-73,
UttarPradesh,Allahabad,2016,9.5,-46,0.8,-92,23.8,213,0,-100,4.6,-30,51.7,-37,229.7,-13,398.6,43,162.3,-11,29.4,-15,0,-100,0,-100,
UttarPradesh,Allahabad,2017,0.2,-99,0,-100,0.1,-98,1.2,-68,4.7,-29,40.2,-51,466.7,76,117.8,-58,60.9,-67,0.4,-99,0,-100,0,-100,
UttarPradesh,Allahabad,2018,0,-100,6.6,-34,0,-100,15.4,329,27.4,316,24.3,-70,244.1,-8,292.9,5,89.5,-51,0,-100,0.2,-98,0,-100,
UttarPradesh,Agra,2014,40.2,130,23.9,141,16.6,87,2,-50,6.5,-30,12.3,-77,73.9,-67,128,-54,42.9,-66,4.3,-85,0,-100,12.3,162,
UttarPradesh,Agra,2015,32,83,0.5,-95,71.8,707,25.5,538,13.4,44,27.2,-49,57.2,-75,105,-63,23.9,-81,14,-50,0,-100,2.9,-39,
UttarPradesh,Agra,2016,0.3,-98,0,-100,6.7,-25,0,-100,15.8,70,35.7,-34,349.4,54,162.4,-42,45,-64,6.8,-76,0,-100,0,-100,
UttarPradesh,Agra,2017,12.4,-29,0,-100,11.1,25,1.6,-61,20,115,43.3,-20,82,-64,70.9,-75,78.1,-38,0,-100,0,-100,3,-37,
UttarPradesh,Agra,2018,1,-94,1.3,-87,0,-100,52.9,1222,20.2,117,43.7,-19,360.6,59,187.5,-33,137.7,10,1.8,-94,0.1,-98,1.5,-69,
